0,24.918,25.672,24.97,25.564
0.5,24.929,25.669,24.976,25.574
1,24.982,25.669,24.981,25.568
1.5,25.133,25.679,24.981,25.569
2,25.336,25.677,24.977,25.569
2.5,25.565,25.697,24.986,25.572
3,25.776,25.767,24.988,25.57
3.5,26.02,25.945,24.985,25.574
4,26.216,26.256,24.987,25.571
4.5,26.336,26.676,24.987,25.572
5,26.414,27.194,25.002,25.583
5.5,26.487,27.725,24.997,25.588
6,26.524,28.241,25.001,25.596
6.5,26.582,28.735,25.008,25.639
7,26.614,29.193,25.033,25.677
7.5,26.617,29.578,25.056,25.739
8,26.559,29.933,25.113,25.819
8.5,26.509,30.228,25.22,25.933
9,26.486,30.496,25.361,26.069
9.5,26.464,30.728,25.541,26.211
10,26.469,30.904,25.728,26.365
10.5,26.481,31.046,25.93,26.518
11,26.508,31.172,26.132,26.677
11.5,26.532,31.254,26.312,26.841
12,26.574,31.321,26.479,26.997
12.5,26.597,31.374,26.649,27.14
13,26.638,31.393,26.785,27.287
13.5,26.679,31.416,26.927,27.406
14,26.719,31.404,27.039,27.522
14.5,26.807,31.391,27.14,27.625
15,26.948,31.357,27.231,27.729
15.5,27.128,31.329,27.316,27.817
16,27.393,31.318,27.386,27.883
16.5,27.695,31.381,27.453,27.961
17,28.072,31.556,27.509,28.024
17.5,28.409,31.845,27.554,28.081
18,28.589,32.238,27.603,28.133
18.5,28.72,32.695,27.642,28.169
19,28.83,33.155,27.674,28.223
19.5,28.932,33.597,27.707,28.262
20,28.997,34.004,27.738,28.332
20.5,29.002,34.367,27.765,28.397
21,28.948,34.69,27.834,28.488
21.5,28.884,34.965,27.912,28.598
22,28.849,35.188,28.054,28.722
22.5,28.802,35.362,28.221,28.879
23,28.796,35.504,28.41,29.025
23.5,28.805,35.616,28.613,29.193
24,28.817,35.683,28.822,29.355
24.5,28.825,35.737,29.015,29.52
25,28.869,35.755,29.204,29.681
25.5,28.895,35.758,29.382,29.825
26,28.932,35.735,29.53,29.96
26.5,28.966,35.7,29.667,30.085
27,28.996,35.65,29.794,30.192
27.5,29.049,35.591,29.903,30.304
28,29.143,35.514,30.001,30.398
28.5,29.258,35.425,30.08,30.486
29,29.417,35.353,30.151,30.564
29.5,29.613,35.317,30.225,30.634
30,29.856,35.349,30.276,30.691
30.5,30.154,35.474,30.317,30.73
31,30.406,35.726,30.363,30.779
31.5,30.555,36.045,30.396,30.811
32,30.689,36.399,30.416,30.843
32.5,30.777,36.777,30.452,30.889
33,30.886,37.132,30.478,30.929
33.5,30.923,37.456,30.498,30.975
34,30.903,37.743,30.54,31.047
34.5,30.857,37.982,30.597,31.125
35,30.844,38.192,30.69,31.218
35.5,30.831,38.344,30.814,31.336
36,30.821,38.471,30.978,31.474
36.5,30.84,38.567,31.153,31.612
37,30.862,38.636,31.342,31.754
37.5,30.897,38.667,31.523,31.896
38,30.934,38.673,31.687,32.034
38.5,30.973,38.667,31.851,32.166
39,31.02,38.627,32,32.291
39.5,31.066,38.573,32.145,32.408
40,31.099,38.509,32.255,32.529
40.5,31.158,38.433,32.367,32.622
41,31.232,38.347,32.461,32.707
41.5,31.341,38.243,32.537,32.779
42,31.456,38.149,32.599,32.853
42.5,31.595,38.057,32.668,32.909
43,31.775,38.018,32.716,32.963
43.5,31.965,38.039,32.77,33.01
44,32.158,38.168,32.793,33.039
44.5,32.319,38.376,32.83,33.075
45,32.438,38.656,32.847,33.109
45.5,32.535,38.972,32.872,33.13
46,32.623,39.295,32.89,33.16
46.5,32.691,39.607,32.901,33.2
47,32.709,39.893,32.93,33.243
47.5,32.703,40.143,32.969,33.3
48,32.687,40.365,33.027,33.381
48.5,32.694,40.538,33.124,33.479
49,32.699,40.687,33.241,33.574
49.5,32.722,40.798,33.403,33.693
50,32.754,40.886,33.556,33.826
50.5,32.801,40.936,33.721,33.962
51,32.847,40.957,33.888,34.087
51.5,32.898,40.962,34.053,34.223
52,32.958,40.938,34.197,34.341
52.5,33.02,40.901,34.33,34.46
53,33.071,40.849,34.453,34.571
53.5,33.125,40.788,34.57,34.662
54,33.203,40.702,34.657,34.75
54.5,33.302,40.603,34.749,34.843
55,33.413,40.509,34.805,34.909
55.5,33.535,40.404,34.88,34.965
56,33.678,40.324,34.936,35.026
56.5,33.837,40.281,34.981,35.066
57,34.005,40.325,35.026,35.114
57.5,34.166,40.441,35.052,35.137
58,34.284,40.634,35.08,35.17
58.5,34.407,40.883,35.113,35.194
59,34.492,41.162,35.118,35.225
59.5,34.573,41.449,35.146,35.267
60,34.626,41.722,35.157,35.287
60.5,34.63,41.998,35.19,35.335
61,34.638,42.234,35.222,35.394
61.5,34.638,42.441,35.284,35.466
62,34.657,42.615,35.373,35.559
62.5,34.694,42.763,35.488,35.66
63,34.719,42.872,35.627,35.774
63.5,34.784,42.959,35.781,35.894
64,34.836,43.013,35.93,36.017
64.5,34.884,43.04,36.083,36.147
65,34.942,43.049,36.234,36.263
65.5,35.015,43.043,36.373,36.384
66,35.069,43.001,36.499,36.493
66.5,35.142,42.954,36.628,36.599
67,35.213,42.887,36.718,36.698
67.5,35.337,42.814,36.81,36.773
68,35.473,42.722,36.909,36.859
68.5,35.638,42.636,36.971,36.927
69,35.807,42.538,37.033,37
69.5,35.974,42.465,37.094,37.038
70,36.167,42.441,37.125,37.085
70.5,36.351,42.485,37.172,37.127
71,36.498,42.584,37.206,37.172
71.5,36.611,42.761,37.234,37.19
72,36.715,42.982,37.265,37.219
72.5,36.789,43.233,37.284,37.25
73,36.836,43.484,37.298,37.271
73.5,36.858,43.734,37.313,37.318
74,36.837,43.984,37.355,37.357
74.5,36.831,44.206,37.392,37.417
75,36.838,44.406,37.455,37.483
75.5,36.861,44.579,37.555,37.573
76,36.892,44.723,37.674,37.675
76.5,36.934,44.838,37.804,37.77
77,36.976,44.947,37.953,37.889
77.5,37.036,45.005,38.097,38.005
78,37.091,45.047,38.249,38.128
78.5,37.157,45.069,38.382,38.243
79,37.23,45.066,38.52,38.347
79.5,37.29,45.04,38.65,38.455
80,37.365,45.004,38.766,38.558
80.5,37.463,44.947,38.864,38.66
81,37.572,44.88,38.958,38.738
81.5,37.699,44.811,39.041,38.816
82,37.815,44.721,39.109,38.888
82.5,37.938,44.646,39.175,38.954
83,38.057,44.599,39.231,39.01
83.5,38.192,44.585,39.286,39.061
84,38.322,44.638,39.334,39.101
84.5,38.461,44.752,39.369,39.132
85,38.578,44.917,39.391,39.169
85.5,38.682,45.109,39.427,39.203
86,38.763,45.329,39.447,39.245
86.5,38.808,45.563,39.467,39.276
87,38.826,45.803,39.498,39.326
87.5,38.83,46.032,39.527,39.362
88,38.826,46.24,39.584,39.437
88.5,38.841,46.429,39.655,39.513
89,38.867,46.599,39.736,39.596
89.5,38.896,46.745,39.857,39.681
90,38.942,46.864,39.985,39.809
90.5,39.002,46.976,40.13,39.913
91,39.066,47.038,40.264,40.015
91.5,39.132,47.097,40.4,40.137
92,39.212,47.133,40.538,40.248
92.5,39.304,47.138,40.672,40.36
93,39.367,47.131,40.784,40.473
93.5,39.465,47.104,40.901,40.572
94,39.593,47.061,41.003,40.661
94.5,39.716,47.002,41.103,40.743
95,39.848,46.938,41.182,40.826
95.5,39.998,46.873,41.259,40.897
96,40.198,46.812,41.316,40.961
96.5,40.417,46.769,41.393,41.027
97,40.673,46.767,41.437,41.069
97.5,40.869,46.818,41.491,41.117
98,40.991,46.921,41.527,41.158
98.5,41.093,47.052,41.565,41.202
99,41.163,47.227,41.593,41.223
99.5,41.218,47.415,41.616,41.275
100,41.208,47.626,41.667,41.303
100.5,41.189,47.837,41.694,41.351
101,41.177,48.026,41.721,41.395
101.5,41.167,48.219,41.785,41.456
102,41.18,48.396,41.875,41.53
102.5,41.194,48.563,41.969,41.607
103,41.224,48.7,42.077,41.7
103.5,41.262,48.827,42.212,41.797
104,41.316,48.919,42.333,41.899
104.5,41.372,48.994,42.472,42.002
105,41.442,49.053,42.603,42.108
105.5,41.516,49.095,42.727,42.213
106,41.597,49.123,42.858,42.323
106.5,41.672,49.117,42.979,42.422
107,41.807,49.101,43.086,42.515
107.5,41.951,49.063,43.181,42.605
108,42.083,49.025,43.278,42.691
108.5,42.229,48.973,43.364,42.768
109,42.374,48.926,43.438,42.846
109.5,42.509,48.886,43.503,42.906
110,42.654,48.85,43.572,42.969
110.5,42.797,48.87,43.627,43.019
111,42.902,48.912,43.677,43.067
111.5,42.99,49.001,43.724,43.108
112,43.069,49.127,43.759,43.159
112.5,43.158,49.271,43.792,43.193
113,43.193,49.431,43.823,43.236
113.5,43.204,49.628,43.87,43.288
114,43.214,49.793,43.906,43.337
114.5,43.209,49.981,43.958,43.391
115,43.23,50.149,44.019,43.459
115.5,43.25,50.31,44.102,43.542
116,43.281,50.459,44.199,43.621
116.5,43.337,50.584,44.308,43.709
117,43.387,50.708,44.428,43.806
117.5,43.442,50.797,44.55,43.901
118,43.519,50.877,44.68,44.002
118.5,43.59,50.929,44.806,44.114
119,43.659,50.979,44.93,44.217
119.5,43.743,51.01,45.057,44.315
120,43.9,51.024,45.161,44.419
120.5,44.071,51.01,45.257,44.5
121,44.216,50.999,45.359,44.597
121.5,44.353,50.971,45.459,44.673
122,44.503,50.932,45.538,44.747
122.5,44.66,50.894,45.627,44.816
123,44.805,50.858,45.689,44.888
123.5,44.971,50.852,45.746,44.944
124,45.095,50.867,45.812,45.001
124.5,45.195,50.918,45.854,45.056
125,45.289,50.995,45.907,45.101
125.5,45.379,51.093,45.955,45.149
126,45.445,51.223,45.983,45.198
126.5,45.466,51.36,46.021,45.244
127,45.451,51.519,46.06,45.288
127.5,45.454,51.672,46.104,45.341
128,45.456,51.826,46.163,45.391
128.5,45.482,51.977,46.239,45.466
129,45.494,52.117,46.311,45.526
129.5,45.534,52.255,46.413,45.6
130,45.583,52.383,46.522,45.694
130.5,45.641,52.483,46.628,45.779
131,45.713,52.575,46.748,45.863
131.5,45.786,52.652,46.872,45.962
132,45.853,52.715,46.985,46.055
132.5,45.934,52.755,47.093,46.157
133,46.041,52.779,47.206,46.243
133.5,46.281,52.802,47.319,46.331
134,46.419,52.807,47.407,46.418
134.5,46.543,52.796,47.503,46.502
135,46.68,52.777,47.581,46.577
135.5,46.818,52.753,47.671,46.656
136,46.96,52.727,47.747,46.725
136.5,47.113,52.709,47.807,46.795
137,47.272,52.713,47.871,46.846
137.5,47.409,52.723,47.931,46.899
138,47.521,52.775,47.985,46.949
138.5,47.633,52.852,48.026,47
139,47.713,52.933,48.074,47.042
139.5,47.754,53.042,48.113,47.092
140,47.745,53.169,48.154,47.135
140.5,47.719,53.299,48.198,47.188
141,47.711,53.436,48.255,47.236
141.5,47.71,53.578,48.309,47.281
142,47.718,53.709,48.373,47.349
142.5,47.742,53.832,48.457,47.419
143,47.777,53.959,48.553,47.488
143.5,47.821,54.052,48.66,47.565
144,47.881,54.158,48.761,47.65
144.5,47.942,54.245,48.869,47.734
145,48.006,54.312,48.982,47.82
145.5,48.07,54.375,49.086,47.9
146,48.136,54.415,49.195,47.989
146.5,48.356,54.443,49.295,48.078
147,48.527,54.472,49.383,48.154
147.5,48.66,54.478,49.478,48.236
148,48.791,54.48,49.567,48.311
148.5,48.928,54.478,49.646,48.385
149,49.07,54.457,49.73,48.455
149.5,49.218,54.451,49.795,48.521
150,49.393,54.445,49.862,48.586
150.5,49.554,54.445,49.917,48.634
151,49.694,54.482,49.981,48.698
151.5,49.84,54.522,50.034,48.748
152,49.949,54.584,50.074,48.79
152.5,50.015,54.665,50.136,48.83
153,50.007,54.768,50.168,48.881
153.5,49.974,54.875,50.211,48.93
154,49.933,54.987,50.261,48.981
154.5,49.914,55.114,50.316,49.022
155,49.897,55.23,50.381,49.085
155.5,49.909,55.349,50.454,49.135
156,49.914,55.461,50.539,49.205
156.5,49.953,55.567,50.622,49.268
157,50.004,55.665,50.714,49.349
157.5,50.053,55.755,50.811,49.418
158,50.124,55.835,50.899,49.497
158.5,50.178,55.904,51.009,49.576
159,50.234,55.966,51.105,49.654
159.5,50.371,56.011,51.201,49.732
160,50.609,56.046,51.3,49.816
160.5,50.747,56.059,51.391,49.884
161,50.86,56.07,51.468,49.959
161.5,50.992,56.085,51.556,50.03
162,51.115,56.084,51.645,50.111
162.5,51.261,56.081,51.701,50.166
163,51.399,56.088,51.767,50.234
163.5,51.54,56.09,51.831,50.292
164,51.662,56.108,51.894,50.343
164.5,51.775,56.134,51.957,50.402
165,51.891,56.173,51.999,50.454
165.5,51.985,56.23,52.051,50.508
166,51.997,56.31,52.102,50.56
166.5,51.974,56.397,52.146,50.603
167,51.953,56.498,52.201,50.649
167.5,51.931,56.602,52.246,50.704
168,51.929,56.703,52.306,50.744
168.5,51.919,56.808,52.377,50.799
169,51.929,56.912,52.452,50.863
169.5,51.968,57.01,52.531,50.924
170,52.002,57.11,52.614,50.988
170.5,52.044,57.205,52.704,51.054
171,52.094,57.287,52.794,51.123
171.5,52.158,57.361,52.884,51.202
172,52.207,57.421,52.973,51.274
172.5,52.278,57.483,53.076,51.347
173,52.52,57.527,53.154,51.434
173.5,52.682,57.565,53.251,51.508
174,52.8,57.588,53.325,51.575
174.5,52.924,57.609,53.41,51.645
175,53.053,57.627,53.486,51.704
175.5,53.193,57.631,53.565,51.781
176,53.33,57.64,53.636,51.847
176.5,53.483,57.647,53.696,51.908
177,53.618,57.649,53.762,51.96
177.5,53.732,57.673,53.821,52.023
178,53.824,57.707,53.874,52.067
178.5,53.922,57.751,53.931,52.128
179,53.982,57.804,53.978,52.171
179.5,53.96,57.879,54.027,52.225
180,53.936,57.959,54.068,52.276
180.5,53.918,58.047,54.117,52.311
181,53.907,58.134,54.178,52.37
181.5,53.894,58.23,54.251,52.426
182,53.899,58.324,54.307,52.467
182.5,53.917,58.415,54.381,52.525
183,53.951,58.514,54.46,52.598
183.5,53.995,58.606,54.553,52.654
184,54.039,58.686,54.624,52.717
184.5,54.088,58.769,54.706,52.786
185,54.14,58.834,54.803,52.864
185.5,54.205,58.903,54.893,52.929
186,54.4,58.945,54.972,53.003
186.5,54.623,59.007,55.052,53.066
187,54.733,59.023,55.138,53.139
187.5,54.858,59.064,55.213,53.215
188,54.981,59.082,55.296,53.282
188.5,55.106,59.105,55.361,53.341
189,55.232,59.122,55.436,53.402
189.5,55.39,59.135,55.496,53.475
190,55.555,59.156,55.562,53.533
190.5,55.665,59.16,55.612,53.586
191,55.769,59.185,55.683,53.635
191.5,55.874,59.23,55.734,53.696
192,55.96,59.269,55.784,53.751
192.5,55.957,59.322,55.83,53.806
193,55.922,59.385,55.872,53.847
193.5,55.891,59.449,55.928,53.892
194,55.867,59.536,55.981,53.947
194.5,55.856,59.616,56.036,53.997
195,55.853,59.694,56.102,54.036
195.5,55.861,59.777,56.169,54.094
196,55.881,59.871,56.252,54.15
196.5,55.918,59.951,56.317,54.203
197,55.952,60.033,56.392,54.266
197.5,55.981,60.105,56.473,54.33
198,56.03,60.184,56.55,54.4
198.5,56.079,60.24,56.631,54.455
199,56.15,60.308,56.715,54.516
199.5,56.476,60.351,56.787,54.594
200,56.627,60.397,56.871,54.661
200.5,56.731,60.432,56.948,54.717
201,56.842,60.459,57.014,54.79
201.5,56.955,60.491,57.08,54.848
202,57.091,60.521,57.152,54.919
202.5,57.242,60.541,57.21,54.974
203,57.418,60.555,57.286,55.033
203.5,57.545,60.574,57.329,55.084
204,57.644,60.606,57.398,55.145
204.5,57.753,60.634,57.446,55.19
205,57.844,60.659,57.508,55.243
205.5,57.888,60.7,57.559,55.291
206,57.855,60.748,57.604,55.348
206.5,57.82,60.804,57.666,55.392
207,57.789,60.873,57.708,55.442
207.5,57.76,60.95,57.762,55.485
208,57.745,61.024,57.831,55.538
208.5,57.742,61.096,57.895,55.572
209,57.755,61.166,57.959,55.645
209.5,57.781,61.262,58.031,55.685
210,57.809,61.333,58.105,55.748
210.5,57.844,61.404,58.174,55.796
211,57.885,61.479,58.258,55.859
211.5,57.924,61.54,58.331,55.927
212,57.969,61.603,58.405,55.987
212.5,58.238,61.664,58.479,56.049
213,58.443,61.71,58.556,56.112
213.5,58.555,61.743,58.629,56.177
214,58.654,61.792,58.704,56.243
214.5,58.781,61.82,58.771,56.308
215,58.922,61.857,58.842,56.369
215.5,59.066,61.888,58.904,56.423
216,59.207,61.906,58.959,56.474
216.5,59.34,61.93,59.022,56.54
217,59.468,61.952,59.084,56.596
217.5,59.613,61.981,59.134,56.646
218,59.72,62.01,59.192,56.705
218.5,59.795,62.048,59.243,56.742
219,59.77,62.083,59.296,56.799
219.5,59.73,62.139,59.335,56.849
220,59.688,62.185,59.394,56.888
220.5,59.658,62.251,59.447,56.94
221,59.633,62.311,59.514,56.983
221.5,59.632,62.379,59.572,57.03
222,59.625,62.455,59.634,57.084
222.5,59.635,62.524,59.706,57.137
223,59.643,62.582,59.77,57.184
223.5,59.672,62.658,59.842,57.24
224,59.709,62.732,59.908,57.297
224.5,59.736,62.804,59.985,57.353
225,59.776,62.855,60.056,57.41
225.5,59.891,62.911,60.123,57.464
226,60.186,62.961,60.198,57.531
226.5,60.307,63.014,60.265,57.598
227,60.412,63.053,60.328,57.649
227.5,60.518,63.1,60.385,57.705
228,60.635,63.132,60.457,57.76
228.5,60.752,63.168,60.522,57.827
229,60.897,63.196,60.582,57.881
229.5,61.025,63.231,60.64,57.924
230,61.149,63.244,60.697,57.982
230.5,61.271,63.281,60.747,58.031
231,61.381,63.308,60.802,58.084
231.5,61.477,63.333,60.854,58.138
232,61.492,63.369,60.915,58.186
232.5,61.453,63.409,60.956,58.243
233,61.408,63.459,61.005,58.282
233.5,61.374,63.503,61.062,58.325
234,61.355,63.554,61.115,58.386
234.5,61.341,63.611,61.167,58.422
235,61.336,63.685,61.24,58.473
235.5,61.332,63.74,61.291,58.521
236,61.341,63.802,61.367,58.566
236.5,61.368,63.877,61.425,58.616
237,61.406,63.934,61.497,58.666
237.5,61.427,63.992,61.561,58.726
238,61.467,64.059,61.629,58.775
238.5,61.502,64.111,61.693,58.829
239,61.826,64.161,61.757,58.878
239.5,62.004,64.211,61.82,58.949
240,62.113,64.25,61.886,58.996
240.5,62.198,64.296,61.954,59.054
241,62.294,64.331,62.011,59.103
241.5,62.41,64.375,62.08,59.157
242,62.526,64.403,62.121,59.205
242.5,62.654,64.434,62.178,59.258
243,62.799,64.471,62.239,59.319
243.5,62.927,64.493,62.297,59.366
244,63.036,64.533,62.343,59.415
244.5,63.139,64.555,62.403,59.468
245,63.205,64.586,62.446,59.521
245.5,63.172,64.627,62.494,59.564
246,63.112,64.666,62.544,59.616
246.5,63.083,64.702,62.592,59.657
247,63.048,64.749,62.652,59.702
247.5,63.026,64.809,62.705,59.743
248,63.009,64.858,62.765,59.799
248.5,63.01,64.922,62.82,59.853
249,63.011,64.966,62.888,59.892
249.5,63.025,65.024,62.951,59.944
250,63.052,65.086,62.999,59.992
250.5,63.082,65.141,63.071,60.033
251,63.111,65.201,63.134,60.092
251.5,63.139,65.263,63.208,60.14
252,63.3,65.315,63.257,60.201
252.5,63.547,65.358,63.318,60.245
253,63.659,65.404,63.386,60.298
253.5,63.763,65.448,63.448,60.354
254,63.861,65.488,63.51,60.406
254.5,63.967,65.526,63.552,60.459
255,64.083,65.568,63.61,60.515
255.5,64.21,65.606,63.672,60.557
256,64.322,65.639,63.722,60.608
256.5,64.447,65.669,63.775,60.665
257,64.571,65.706,63.83,60.714
257.5,64.659,65.723,63.881,60.764
258,64.749,65.762,63.921,60.811
258.5,64.749,65.797,63.966,60.859
259,64.715,65.833,64.027,60.909
259.5,64.661,65.869,64.067,60.953
260,64.631,65.902,64.118,61.004
260.5,64.608,65.946,64.173,61.043
261,64.578,66,64.228,61.094
261.5,64.588,66.053,64.289,61.136
262,64.594,66.1,64.342,61.188
262.5,64.61,66.152,64.396,61.233
263,64.623,66.206,64.46,61.272
263.5,64.636,66.26,64.518,61.323
264,64.668,66.307,64.583,61.381
264.5,64.708,66.363,64.634,61.418
265,64.753,66.414,64.692,61.466
265.5,65.052,66.463,64.749,61.509
266,65.188,66.507,64.804,61.569
266.5,65.289,66.549,64.866,61.618
267,65.378,66.595,64.921,61.669
267.5,65.486,66.634,64.979,61.713
268,65.589,66.673,65.028,61.765
268.5,65.716,66.718,65.082,61.817
269,65.846,66.746,65.132,61.863
269.5,65.969,66.783,65.181,61.909
270,66.084,66.815,65.226,61.955
270.5,66.19,66.842,65.278,62.007
271,66.283,66.881,65.328,62.054
271.5,66.334,66.907,65.369,62.105
272,66.282,66.937,65.418,62.15
272.5,66.242,66.982,65.462,62.186
273,66.195,67,65.507,62.237
273.5,66.161,67.054,65.575,62.285
274,66.134,67.1,65.62,62.327
274.5,66.121,67.131,65.68,62.365
275,66.137,67.182,65.741,62.415
275.5,66.154,67.236,65.792,62.454
276,66.159,67.285,65.842,62.503
276.5,66.185,67.334,65.895,62.553
277,66.203,67.382,65.954,62.594
277.5,66.239,67.427,66.019,62.636
278,66.262,67.481,66.062,62.688
278.5,66.503,67.526,66.121,62.741
279,66.724,67.571,66.18,62.79
279.5,66.819,67.624,66.234,62.825
280,66.904,67.654,66.289,62.88
280.5,67.001,67.694,66.335,62.923
281,67.108,67.737,66.389,62.964
281.5,67.232,67.781,66.433,63.013
282,67.345,67.821,66.475,63.061
282.5,67.453,67.848,66.527,63.106
283,67.545,67.886,66.576,63.151
283.5,67.651,67.932,66.63,63.202
284,67.738,67.954,66.674,63.253
284.5,67.843,67.992,66.711,63.296
285,67.827,68.029,66.764,63.334
285.5,67.775,68.05,66.805,63.38
286,67.722,68.095,66.858,63.427
286.5,67.685,68.131,66.911,63.47
287,67.653,68.161,66.969,63.519
287.5,67.64,68.198,67.016,63.556
288,67.625,68.242,67.075,63.598
288.5,67.632,68.28,67.126,63.643
289,67.648,68.337,67.169,63.693
289.5,67.668,68.381,67.232,63.731
290,67.691,68.417,67.282,63.769
290.5,67.716,68.479,67.33,63.83
291,67.738,68.515,67.401,63.869
291.5,67.806,68.562,67.446,63.912
292,68.158,68.61,67.499,63.961
292.5,68.289,68.66,67.54,64.012
293,68.374,68.694,67.591,64.052
293.5,68.461,68.733,67.638,64.104
294,68.563,68.774,67.694,64.14
294.5,68.654,68.812,67.735,64.186
295,68.772,68.859,67.783,64.233
295.5,68.885,68.903,67.833,64.273
296,68.991,68.933,67.873,64.322
296.5,69.09,68.975,67.91,64.37
297,69.172,68.999,67.967,64.409
297.5,69.288,69.03,67.998,64.446
298,69.32,69.07,68.056,64.497
298.5,69.257,69.102,68.099,64.541
299,69.211,69.137,68.132,64.593
299.5,69.159,69.168,68.19,64.638
300,69.128,69.206,68.238,64.679
300.5,69.106,69.236,68.292,64.715
301,69.095,69.275,68.343,64.763
301.5,69.107,69.318,68.403,64.812
302,69.121,69.353,68.444,64.842
302.5,69.129,69.397,68.498,64.889
303,69.154,69.444,68.545,64.937
303.5,69.164,69.483,68.6,64.987
304,69.187,69.52,68.647,65.012
304.5,69.215,69.577,68.7,65.062
305,69.493,69.611,68.741,65.11
305.5,69.672,69.655,68.795,65.151
306,69.768,69.693,68.836,65.188
306.5,69.842,69.732,68.882,65.233
307,69.944,69.759,68.929,65.277
307.5,70.027,69.811,68.969,65.323
308,70.127,69.849,69.007,65.348
308.5,70.236,69.89,69.05,65.404
309,70.349,69.921,69.087,65.446
309.5,70.435,69.962,69.138,65.484
310,70.529,70,69.168,65.535
310.5,70.614,70.037,69.219,65.569
311,70.703,70.069,69.252,65.609
311.5,70.675,70.089,69.301,65.656
312,70.618,70.13,69.339,65.694
312.5,70.56,70.157,69.38,65.737
313,70.524,70.19,69.425,65.777
313.5,70.489,70.214,69.469,65.82
314,70.466,70.252,69.522,65.868
314.5,70.477,70.287,69.565,65.91
315,70.477,70.326,69.613,65.941
315.5,70.502,70.368,69.66,65.989
316,70.524,70.396,69.704,66.033
316.5,70.539,70.45,69.758,66.074
317,70.559,70.478,69.797,66.113
317.5,70.585,70.517,69.843,66.147
318,70.703,70.547,69.887,66.192
318.5,70.989,70.586,69.931,66.234
319,71.107,70.63,69.975,66.274
319.5,71.192,70.668,70.022,66.312
320,71.271,70.71,70.05,66.36
320.5,71.361,70.736,70.089,66.394
321,71.449,70.777,70.13,66.437
321.5,71.55,70.812,70.157,66.475
322,71.63,70.848,70.2,66.517
322.5,71.722,70.885,70.239,66.544
323,71.804,70.928,70.268,66.587
323.5,71.879,70.962,70.305,66.623
324,72.002,70.986,70.342,66.655
324.5,72.015,71.012,70.378,66.706
325,71.957,71.046,70.411,66.746
325.5,71.901,71.079,70.445,66.776
326,71.847,71.099,70.495,66.825
326.5,71.797,71.148,70.538,66.856
327,71.773,71.178,70.584,66.895
327.5,71.77,71.207,70.626,66.951
328,71.776,71.237,70.667,66.982
328.5,71.798,71.268,70.705,67.023
329,71.821,71.306,70.758,67.06
329.5,71.831,71.34,70.808,67.107
330,71.85,71.372,70.841,67.133
330.5,71.886,71.404,70.887,67.176
331,71.903,71.45,70.926,67.216
331.5,72.251,71.489,70.963,67.263
332,72.427,71.519,70.997,67.296
332.5,72.502,71.554,71.035,67.338
333,72.58,71.589,71.078,67.375
333.5,72.665,71.626,71.106,67.416
334,72.755,71.657,71.141,67.454
334.5,72.848,71.688,71.184,67.491
335,72.94,71.74,71.21,67.532
335.5,73.033,71.773,71.238,67.562
336,73.106,71.808,71.273,67.605
336.5,73.182,71.84,71.317,67.635
337,73.293,71.877,71.343,67.671
337.5,73.343,71.909,71.375,67.708
338,73.302,71.941,71.404,67.754
338.5,73.235,71.972,71.449,67.783
339,73.171,71.997,71.492,67.824
339.5,73.118,72.023,71.53,67.865
340,73.091,72.058,71.572,67.91
340.5,73.079,72.091,71.607,67.937
341,73.071,72.118,71.651,67.975
341.5,73.082,72.152,71.697,68.013
342,73.085,72.181,71.736,68.049
342.5,73.098,72.211,71.778,68.09
343,73.115,72.241,71.817,68.123
343.5,73.138,72.271,71.853,68.167
344,73.157,72.306,71.901,68.203
344.5,73.358,72.342,71.936,68.242
345,73.664,72.376,71.975,68.273
345.5,73.764,72.398,72.012,68.31
346,73.833,72.439,72.049,68.35
346.5,73.897,72.465,72.077,68.383
347,73.983,72.5,72.108,68.429
347.5,74.064,72.54,72.153,68.454
348,74.157,72.574,72.186,68.487
348.5,74.249,72.605,72.219,68.525
349,74.331,72.645,72.251,68.562
349.5,74.4,72.671,72.278,68.603
350,74.481,72.712,72.317,68.634
350.5,74.601,72.75,72.341,68.677
351,74.585,72.776,72.369,68.716
351.5,74.517,72.801,72.4,68.748
352,74.443,72.831,72.432,68.794
352.5,74.385,72.868,72.471,68.817
353,74.338,72.893,72.503,68.861
353.5,74.309,72.922,72.554,68.9
354,74.296,72.954,72.583,68.943
354.5,74.294,72.976,72.62,68.978
355,74.301,73.017,72.666,69.005
355.5,74.318,73.046,72.711,69.054
356,74.321,73.071,72.735,69.083
356.5,74.335,73.096,72.769,69.116
357,74.362,73.127,72.803,69.16
357.5,74.398,73.152,72.834,69.192
358,74.754,73.18,72.874,69.221
358.5,74.893,73.21,72.914,69.256
359,74.973,73.242,72.939,69.288
359.5,75.051,73.281,72.972,69.325
360,75.138,73.309,73.004,69.351
360.5,75.23,73.343,73.033,69.398
361,75.333,73.373,73.074,69.424
361.5,75.402,73.406,73.106,69.454
362,75.492,73.441,73.133,69.49
362.5,75.557,73.475,73.167,69.528
363,75.633,73.514,73.192,69.564
363.5,75.764,73.541,73.228,69.6
364,75.806,73.569,73.251,69.641
364.5,75.73,73.598,73.286,69.675
365,75.656,73.628,73.319,69.704
365.5,75.58,73.655,73.361,69.744
366,75.519,73.681,73.394,69.78
366.5,75.484,73.71,73.433,69.816
367,75.461,73.736,73.469,69.844
367.5,75.454,73.766,73.514,69.895
368,75.461,73.788,73.547,69.929
368.5,75.476,73.816,73.592,69.957
369,75.488,73.853,73.629,69.994
369.5,75.505,73.883,73.671,70.029
370,75.519,73.904,73.707,70.056
370.5,75.534,73.934,73.737,70.094
371,75.771,73.958,73.778,70.124
371.5,75.998,73.997,73.808,70.165
372,76.1,74.013,73.835,70.197
372.5,76.201,74.046,73.872,70.236
373,76.29,74.08,73.908,70.263
373.5,76.371,74.108,73.933,70.301
374,76.464,74.139,73.967,70.332
374.5,76.543,74.166,74.002,70.362
375,76.627,74.206,74.025,70.384
375.5,76.689,74.238,74.058,70.427
376,76.734,74.264,74.085,70.459
376.5,76.846,74.296,74.117,70.494
377,76.943,74.34,74.154,70.524
377.5,76.898,74.366,74.183,70.56
378,76.816,74.388,74.212,70.591
378.5,76.732,74.406,74.246,70.614
379,76.67,74.444,74.28,70.653
379.5,76.616,74.471,74.322,70.687
380,76.59,74.496,74.367,70.727
380.5,76.56,74.523,74.397,70.76
381,76.571,74.556,74.444,70.791
381.5,76.571,74.576,74.479,70.821
382,76.583,74.602,74.519,70.857
382.5,76.602,74.631,74.55,70.897
383,76.614,74.648,74.587,70.917
383.5,76.631,74.679,74.627,70.963
384,76.693,74.701,74.657,70.987
384.5,77.031,74.721,74.691,71.017
385,77.169,74.751,74.732,71.054
385.5,77.247,74.774,74.765,71.073
386,77.332,74.813,74.793,71.112
386.5,77.415,74.831,74.824,71.144
387,77.502,74.857,74.857,71.172
387.5,77.593,74.901,74.882,71.191
388,77.663,74.922,74.918,71.237
388.5,77.736,74.956,74.946,71.259
389,77.786,74.99,74.977,71.291
389.5,77.861,75.028,75.007,71.319
390,77.981,75.058,75.037,71.35
390.5,77.988,75.073,75.066,71.388
391,77.897,75.109,75.097,71.413
391.5,77.821,75.13,75.128,71.442
392,77.746,75.161,75.156,71.47
392.5,77.679,75.189,75.189,71.515
393,77.64,75.22,75.234,71.541
393.5,77.608,75.239,75.272,71.57
394,77.625,75.266,75.309,71.602
394.5,77.614,75.295,75.348,71.641
395,77.625,75.314,75.388,71.679
395.5,77.643,75.333,75.419,71.702
396,77.649,75.355,75.457,71.728
396.5,77.661,75.382,75.491,71.757
397,77.689,75.41,75.515,71.797
397.5,77.938,75.429,75.552,71.812
398,78.141,75.455,75.594,71.844
398.5,78.227,75.479,75.621,71.873
399,78.327,75.505,75.643,71.892
399.5,78.405,75.529,75.677,71.93
400,78.501,75.555,75.703,71.955
400.5,78.595,75.582,75.73,71.992
401,78.675,75.61,75.75,72.014
401.5,78.734,75.648,75.79,72.042
402,78.794,75.674,75.818,72.076
402.5,78.833,75.708,75.847,72.103
403,78.962,75.74,75.873,72.127
403.5,79.027,75.763,75.904,72.164
404,78.964,75.792,75.934,72.189
404.5,78.874,75.819,75.962,72.225
405,78.799,75.856,75.988,72.242
405.5,78.723,75.88,76.023,72.283
406,78.685,75.894,76.053,72.311
406.5,78.652,75.929,76.087,72.339
407,78.646,75.947,76.131,72.372
407.5,78.644,75.976,76.166,72.403
408,78.645,75.993,76.197,72.432
408.5,78.652,76.02,76.231,72.47
409,78.664,76.039,76.263,72.489
409.5,78.681,76.063,76.292,72.526
410,78.694,76.091,76.329,72.55
410.5,78.814,76.108,76.364,72.582
411,79.125,76.134,76.39,72.601
411.5,79.254,76.152,76.421,72.644
412,79.342,76.171,76.457,72.673
412.5,79.424,76.198,76.481,72.688
413,79.507,76.222,76.51,72.716
413.5,79.604,76.239,76.535,72.746
414,79.664,76.276,76.561,72.769
414.5,79.729,76.31,76.599,72.802
415,79.784,76.338,76.62,72.829
415.5,79.82,76.367,76.648,72.856
416,79.923,76.383,76.671,72.882
416.5,80.042,76.42,76.693,72.903
417,80.018,76.451,76.727,72.941
417.5,79.925,76.479,76.751,72.972
418,79.826,76.495,76.784,73.002
418.5,79.749,76.53,76.823,73.03
419,79.696,76.563,76.851,73.059
419.5,79.65,76.578,76.888,73.087
420,79.635,76.603,76.921,73.127
420.5,79.628,76.629,76.96,73.153
421,79.637,76.649,76.997,73.18
421.5,79.637,76.668,77.026,73.212
422,79.658,76.705,77.06,73.237
422.5,79.672,76.719,77.092,73.27
423,79.69,76.741,77.125,73.299
423.5,79.71,76.753,77.161,73.331
424,79.985,76.781,77.183,73.349
424.5,80.145,76.792,77.213,73.384
425,80.232,76.817,77.242,73.406
425.5,80.329,76.834,77.273,73.438
426,80.407,76.871,77.299,73.47
426.5,80.503,76.885,77.321,73.485
427,80.588,76.915,77.343,73.512
427.5,80.656,76.947,77.38,73.532
428,80.714,76.973,77.395,73.567
428.5,80.758,76.995,77.435,73.592
429,80.83,77.03,77.458,73.618
429.5,80.968,77.052,77.476,73.655
430,80.994,77.078,77.511,73.672
430.5,80.922,77.113,77.534,73.7
431,80.823,77.131,77.568,73.731
431.5,80.724,77.156,77.594,73.763
432,80.65,77.184,77.634,73.797
432.5,80.596,77.212,77.664,73.815
433,80.556,77.228,77.696,73.852
433.5,80.546,77.254,77.74,73.881
434,80.56,77.28,77.77,73.919
434.5,80.579,77.298,77.813,73.938
435,80.582,77.321,77.836,73.974
435.5,80.604,77.334,77.859,73.992
436,80.614,77.358,77.894,74.025
436.5,80.628,77.38,77.932,74.048
437,80.742,77.398,77.961,74.074
437.5,80.945,77.416,77.986,74.099
438,81.061,77.433,78.011,74.128
438.5,81.158,77.461,78.039,74.151
439,81.249,77.482,78.061,74.177
439.5,81.347,77.502,78.093,74.198
440,81.425,77.522,78.119,74.222
440.5,81.523,77.553,78.145,74.251
441,81.571,77.585,78.174,74.282
441.5,81.617,77.613,78.194,74.309
442,81.646,77.643,78.224,74.329
442.5,81.791,77.663,78.249,74.358
443,81.896,77.684,78.273,74.383
443.5,81.849,77.716,78.289,74.415
444,81.745,77.738,78.326,74.442
444.5,81.658,77.762,78.362,74.473
445,81.557,77.794,78.384,74.487
445.5,81.495,77.82,78.417,74.527
446,81.445,77.831,78.444,74.553
446.5,81.433,77.865,78.48,74.585
447,81.435,77.875,78.517,74.604
447.5,81.429,77.9,78.545,74.644
448,81.449,77.911,78.581,74.659
448.5,81.459,77.938,78.604,74.692
449,81.473,77.957,78.64,74.721
449.5,81.488,77.973,78.677,74.751
450,81.521,77.992,78.696,74.77
450.5,81.707,78.016,78.723,74.797
451,81.835,78.039,78.749,74.823
451.5,81.925,78.043,78.778,74.848
452,82.026,78.066,78.805,74.867
452.5,82.126,78.093,78.827,74.891
453,82.209,78.117,78.849,74.926
453.5,82.305,78.138,78.881,74.939
454,82.371,78.167,78.896,74.965
454.5,82.428,78.187,78.922,74.995
455,82.465,78.218,78.945,75.016
455.5,82.557,78.241,78.972,75.035
456,82.718,78.271,78.997,75.062
456.5,82.729,78.287,79.019,75.096
457,82.624,78.32,79.04,75.12
457.5,82.523,78.347,79.075,75.14
458,82.435,78.364,79.098,75.169
458.5,82.366,78.392,79.125,75.192
459,82.313,78.408,79.159,75.23
459.5,82.301,78.433,79.181,75.25
460,82.284,78.459,79.216,75.28
460.5,82.293,78.476,79.255,75.307
461,82.294,78.5,79.285,75.332
461.5,82.308,78.521,79.318,75.361
462,82.322,78.535,79.339,75.392
462.5,82.328,78.551,79.377,75.418
463,82.334,78.573,79.4,75.434
463.5,82.474,78.588,79.421,75.46
464,82.651,78.608,79.445,75.492
464.5,82.764,78.627,79.467,75.508
465,82.877,78.64,79.493,75.528
465.5,82.985,78.658,79.518,75.556
466,83.088,78.68,79.548,75.577
466.5,83.19,78.703,79.561,75.61
467,83.252,78.723,79.575,75.622
467.5,83.302,78.749,79.602,75.643
468,83.326,78.779,79.626,75.674
468.5,83.37,78.795,79.638,75.691
469,83.509,78.827,79.663,75.728
469.5,83.589,78.842,79.684,75.744
470,83.512,78.873,79.707,75.777
470.5,83.413,78.898,79.733,75.794
471,83.3,78.916,79.744,75.81
471.5,83.217,78.939,79.777,75.839
472,83.167,78.964,79.81,75.868
472.5,83.142,78.992,79.823,75.898
473,83.126,79.002,79.855,75.92
473.5,83.13,79.023,79.879,75.954
474,83.126,79.046,79.902,75.967
474.5,83.146,79.06,79.922,76.001
475,83.153,79.082,79.943,76.03
475.5,83.165,79.104,79.961,76.051
476,83.172,79.115,79.992,76.082
476.5,83.238,79.129,80.01,76.098
477,83.494,79.152,80.033,76.122
477.5,83.628,79.163,80.046,76.139
478,83.726,79.179,80.062,76.164
478.5,83.815,79.196,80.088,76.188
479,83.906,79.211,80.087,76.215
479.5,83.988,79.238,80.118,76.227
480,84.07,79.265,80.131,76.258
480.5,84.129,79.278,80.156,76.271
481,84.157,79.303,80.17,76.294
481.5,84.183,79.328,80.183,76.32
482,84.287,79.356,80.196,76.342
482.5,84.433,79.377,80.206,76.365
483,84.414,79.404,80.233,76.392
483.5,84.313,79.422,80.248,76.411
484,84.186,79.448,80.269,76.44
484.5,84.086,79.472,80.287,76.457
485,84.017,79.487,80.313,76.483
485.5,83.958,79.504,80.335,76.506
486,83.943,79.531,80.362,76.53
486.5,83.931,79.556,80.394,76.555
487,83.924,79.563,80.41,76.585
487.5,83.935,79.595,80.438,76.616
488,83.947,79.603,80.453,76.641
488.5,83.961,79.624,80.48,76.662
489,83.959,79.638,80.513,76.686
489.5,83.972,79.651,80.533,76.702
490,84.151,79.666,80.547,76.735
490.5,84.316,79.687,80.566,76.758
491,84.429,79.7,80.588,76.774
491.5,84.535,79.717,80.612,76.784
492,84.638,79.737,80.618,76.814
492.5,84.717,79.757,80.65,76.828
493,84.794,79.77,80.663,76.853
493.5,84.861,79.794,80.687,76.873
494,84.903,79.822,80.697,76.893
494.5,84.918,79.836,80.718,76.911
495,84.99,79.862,80.739,76.935
495.5,85.128,79.887,80.743,76.951
496,85.15,79.912,80.772,76.973
496.5,85.071,79.935,80.794,76.998
497,84.959,79.941,80.81,77.023
497.5,84.853,79.972,80.828,77.049
498,84.77,79.989,80.855,77.068
498.5,84.722,80,80.876,77.098
499,84.682,80.034,80.902,77.114
499.5,84.664,80.049,80.928,77.147
500,84.662,80.07,80.958,77.168
500.5,84.678,80.086,80.986,77.196
501,84.699,80.103,81.006,77.212
501.5,84.713,80.121,81.035,77.24
502,84.719,80.139,81.057,77.255
502.5,84.73,80.16,81.089,77.286
503,84.826,80.163,81.107,77.307
503.5,85.018,80.174,81.127,77.328
504,85.132,80.194,81.15,77.34
504.5,85.238,80.206,81.173,77.366
505,85.347,80.23,81.194,77.387
505.5,85.439,80.241,81.211,77.405
506,85.533,80.254,81.227,77.422
506.5,85.589,80.275,81.245,77.447
507,85.64,80.298,81.267,77.457
507.5,85.656,80.323,81.282,77.478
508,85.687,80.348,81.306,77.507
508.5,85.812,80.369,81.321,77.523
509,85.925,80.39,81.351,77.536
509.5,85.879,80.408,81.353,77.574
510,85.754,80.429,81.383,77.59
510.5,85.659,80.437,81.404,77.607
511,85.557,80.469,81.429,77.633
511.5,85.494,80.495,81.451,77.662
512,85.449,80.505,81.48,77.678
512.5,85.425,80.53,81.513,77.705
513,85.429,80.545,81.537,77.734
513.5,85.436,80.566,81.563,77.755
514,85.446,80.578,81.593,77.774
514.5,85.446,80.59,81.619,77.8
515,85.456,80.616,81.639,77.825
515.5,85.453,80.635,81.664,77.846
516,85.484,80.637,81.696,77.861
516.5,85.701,80.654,81.707,77.889
517,85.844,80.668,81.728,77.912
517.5,85.953,80.684,81.753,77.917
518,86.044,80.695,81.772,77.943
518.5,86.136,80.71,81.792,77.966
519,86.234,80.733,81.81,77.987
519.5,86.3,80.749,81.827,78.007
520,86.344,80.775,81.844,78.021
520.5,86.372,80.782,81.85,78.048
521,86.387,80.809,81.881,78.052
521.5,86.469,80.823,81.901,78.079
522,86.589,80.842,81.914,78.095
522.5,86.593,80.863,81.939,78.117
523,86.495,80.888,81.95,78.134
523.5,86.382,80.901,81.968,78.156
524,86.272,80.925,81.993,78.177
524.5,86.195,80.949,82.024,78.202
525,86.124,80.961,82.039,78.219
525.5,86.092,80.989,82.069,78.24
526,86.087,80.998,82.09,78.265
526.5,86.085,81.015,82.122,78.297
527,86.1,81.026,82.144,78.307
527.5,86.109,81.048,82.169,78.332
528,86.121,81.064,82.192,78.354
528.5,86.124,81.08,82.21,78.379
529,86.133,81.095,82.24,78.406
529.5,86.31,81.104,82.263,78.417
530,86.489,81.112,82.281,78.444
530.5,86.599,81.129,82.305,78.454
531,86.71,81.148,82.324,78.477
531.5,86.795,81.158,82.345,78.493
532,86.88,81.166,82.363,78.514
532.5,86.957,81.189,82.376,78.519
533,87.023,81.208,82.391,78.546
533.5,87.045,81.224,82.407,78.556
534,87.065,81.252,82.429,78.576
534.5,87.142,81.257,82.45,78.599
535,87.252,81.293,82.459,78.618
535.5,87.312,81.3,82.486,78.632
536,87.228,81.322,82.499,78.648
536.5,87.102,81.342,82.517,78.677
537,86.993,81.364,82.544,78.697
537.5,86.898,81.373,82.557,78.718
538,86.825,81.399,82.59,78.735
538.5,86.78,81.419,82.608,78.763
539,86.769,81.433,82.641,78.785
539.5,86.749,81.461,82.654,78.809
540,86.76,81.473,82.684,78.834
540.5,86.777,81.486,82.714,78.852
541,86.782,81.497,82.733,78.877
541.5,86.789,81.508,82.752,78.887
542,86.803,81.53,82.78,78.908
542.5,86.847,81.533,82.795,78.933
543,87.081,81.555,82.821,78.948
543.5,87.192,81.571,82.834,78.966
544,87.295,81.577,82.851,78.985
544.5,87.397,81.59,82.879,79.002
545,87.501,81.611,82.898,79.027
545.5,87.583,81.629,82.914,79.044
546,87.654,81.641,82.93,79.056
546.5,87.696,81.659,82.943,79.083
547,87.714,81.673,82.963,79.092
547.5,87.749,81.695,82.98,79.111
548,87.843,81.716,82.999,79.13
548.5,87.971,81.732,83.018,79.144
549,87.935,81.753,83.037,79.164
549.5,87.806,81.774,83.049,79.183
550,87.684,81.787,83.068,79.2
550.5,87.57,81.807,83.092,79.219
551,87.502,81.825,83.119,79.251
551.5,87.456,81.855,83.141,79.265
552,87.426,81.866,83.165,79.288
552.5,87.43,81.877,83.188,79.311
553,87.431,81.895,83.211,79.328
553.5,87.443,81.915,83.228,79.353
554,87.461,81.923,83.253,79.374
554.5,87.466,81.943,83.276,79.4
555,87.461,81.954,83.292,79.405
555.5,87.48,81.972,83.331,79.438
556,87.653,81.984,83.347,79.457
556.5,87.796,81.991,83.367,79.473
557,87.905,82.006,83.389,79.496
557.5,88.012,82.021,83.401,79.499
558,88.117,82.027,83.424,79.529
558.5,88.218,82.044,83.435,79.54
559,88.299,82.062,83.444,79.557
559.5,88.337,82.08,83.465,79.58
560,88.353,82.097,83.475,79.587
560.5,88.364,82.122,83.509,79.601
561,88.464,82.138,83.511,79.628
561.5,88.581,82.145,83.528,79.64
562,88.599,82.172,83.545,79.655
562.5,88.5,82.18,83.566,79.677
563,88.388,82.202,83.583,79.697
563.5,88.27,82.224,83.594,79.714
564,88.173,82.242,83.622,79.731
564.5,88.107,82.255,83.642,79.756
565,88.083,82.278,83.668,79.773
565.5,88.059,82.288,83.69,79.803
566,88.058,82.309,83.721,79.815
566.5,88.059,82.328,83.732,79.836
567,88.08,82.332,83.759,79.862
567.5,88.079,82.35,83.782,79.882
568,88.088,82.367,83.812,79.909
568.5,88.093,82.373,83.826,79.928
569,88.175,82.388,83.846,79.943
569.5,88.342,82.399,83.873,79.959
570,88.464,82.414,83.885,79.968
570.5,88.572,82.418,83.892,79.99
571,88.658,82.44,83.916,80.004
571.5,88.758,82.453,83.936,80.019
572,88.839,82.471,83.949,80.032
572.5,88.895,82.476,83.96,80.053
573,88.928,82.488,83.978,80.066
573.5,88.942,82.507,83.995,80.087
574,89.007,82.531,84.014,80.1
574.5,89.129,82.542,84.028,80.113
575,89.225,82.555,84.032,80.128
575.5,89.155,82.584,84.056,80.142
576,89.024,82.598,84.08,80.168
576.5,88.907,82.618,84.1,80.182
577,88.796,82.63,84.111,80.198
577.5,88.712,82.651,84.136,80.214
578,88.678,82.672,84.155,80.237
578.5,88.666,82.683,84.175,80.261
579,88.656,82.695,84.2,80.282
579.5,88.661,82.708,84.224,80.305
580,88.662,82.728,84.246,80.323
580.5,88.661,82.742,84.273,80.345
581,88.665,82.752,84.29,80.361
581.5,88.668,82.76,84.312,80.379
582,88.67,82.776,84.333,80.387
582.5,88.851,82.786,84.346,80.404
583,88.98,82.794,84.361,80.429
583.5,89.081,82.809,84.382,80.439
584,89.181,82.82,84.401,80.453
584.5,89.299,82.83,84.417,80.47
585,89.382,82.842,84.429,80.485
585.5,89.442,82.856,84.445,80.503
586,89.473,82.873,84.455,80.513
586.5,89.474,82.891,84.47,80.524
587,89.503,82.906,84.483,80.54
587.5,89.615,82.916,84.497,80.56
588,89.732,82.943,84.515,80.57
588.5,89.718,82.959,84.528,80.589
589,89.61,82.976,84.548,80.602
589.5,89.5,82.991,84.552,80.624
590,89.375,82.996,84.577,80.637
590.5,89.292,83.017,84.591,80.66
591,89.218,83.031,84.62,80.675
591.5,89.195,83.043,84.646,80.7
592,89.18,83.066,84.654,80.709
592.5,89.199,83.076,84.688,80.735
593,89.209,83.091,84.702,80.756
593.5,89.226,83.109,84.723,80.765
594,89.238,83.117,84.743,80.789
594.5,89.244,83.132,84.772,80.798
595,89.25,83.139,84.779,80.816
595.5,89.395,83.165,84.798,80.838
596,89.551,83.165,84.818,80.854
596.5,89.649,83.168,84.834,80.868
597,89.746,83.182,84.849,80.88
597.5,89.849,83.191,84.858,80.896
598,89.946,83.211,84.878,80.911
598.5,90.021,83.23,84.886,80.915
599,90.066,83.233,84.916,80.934
599.5,90.079,83.252,84.923,80.943
600,90.089,83.267,84.943,80.955
600.5,90.187,83.28,84.956,80.978
601,90.293,83.301,84.966,80.996
601.5,90.334,83.318,84.979,81.014
602,90.259,83.332,84.997,81.025
602.5,90.119,83.347,85.011,81.046
603,89.996,83.361,85.021,81.061
603.5,89.896,83.379,85.049,81.072
604,89.82,83.391,85.067,81.091
604.5,89.777,83.414,85.087,81.117
605,89.755,83.427,85.104,81.125
605.5,89.765,83.437,85.125,81.14
606,89.761,83.467,85.149,81.17
606.5,89.774,83.465,85.164,81.183
607,89.795,83.476,85.178,81.204
607.5,89.805,83.499,85.203,81.222
608,89.817,83.504,85.228,81.236
608.5,89.864,83.517,85.236,81.25
609,90.056,83.526,85.255,81.264
609.5,90.173,83.535,85.27,81.284
610,90.265,83.554,85.288,81.304
610.5,90.354,83.554,85.304,81.306
611,90.44,83.571,85.314,81.322
611.5,90.503,83.583,85.331,81.33
612,90.55,83.593,85.346,81.351
612.5,90.581,83.604,85.355,81.365
613,90.592,83.627,85.363,81.378
613.5,90.655,83.636,85.383,81.39
614,90.767,83.66,85.402,81.4
614.5,90.866,83.664,85.411,81.417
615,90.819,83.671,85.426,81.434
615.5,90.696,83.702,85.434,81.447
616,90.567,83.718,85.455,81.464
616.5,90.444,83.73,85.467,81.477
617,90.355,83.745,85.482,81.494
617.5,90.314,83.76,85.503,81.508
618,90.279,83.772,85.522,81.531
618.5,90.274,83.791,85.544,81.554
619,90.283,83.802,85.565,81.57
619.5,90.299,83.815,85.589,81.586
620,90.311,83.828,85.601,81.6
620.5,90.315,83.843,85.62,81.623
621,90.309,83.849,85.639,81.633
621.5,90.312,83.86,85.654,81.653
622,90.494,83.865,85.666,81.668
622.5,90.641,83.884,85.677,81.693
623,90.737,83.898,85.696,81.688
623.5,90.835,83.895,85.714,81.711
624,90.921,83.917,85.73,81.722
624.5,91.005,83.925,85.739,81.738
625,91.056,83.929,85.758,81.748
625.5,91.09,83.948,85.756,81.755
626,91.09,83.959,85.775,81.78
626.5,91.125,83.98,85.789,81.787
627,91.219,83.992,85.801,81.794
627.5,91.349,84.003,85.811,81.817
628,91.386,84.019,85.825,81.821
628.5,91.293,84.039,85.843,81.838
629,91.171,84.038,85.844,81.846
629.5,91.048,84.065,85.863,81.874
630,90.93,84.078,85.881,81.888
630.5,90.853,84.081,85.912,81.906
631,90.809,84.098,85.925,81.922
631.5,90.782,84.11,85.94,81.933
632,90.786,84.121,85.961,81.954
632.5,90.785,84.144,85.975,81.976
633,90.809,84.154,86.006,81.992
633.5,90.816,84.163,86.014,82.005
634,90.838,84.172,86.035,82.029
634.5,90.831,84.189,86.05,82.04
635,90.909,84.198,86.074,82.061
635.5,91.083,84.206,86.088,82.078
636,91.174,84.22,86.089,82.084
636.5,91.26,84.227,86.11,82.09
637,91.355,84.237,86.124,82.115
637.5,91.437,84.246,86.136,82.122
638,91.502,84.258,86.153,82.138
638.5,91.549,84.266,86.166,82.15
639,91.565,84.293,86.178,82.151
639.5,91.568,84.296,86.188,82.168
640,91.636,84.306,86.196,82.187
640.5,91.738,84.325,86.208,82.194
641,91.818,84.331,86.218,82.208
641.5,91.761,84.348,86.23,82.222
642,91.658,84.364,86.245,82.231
642.5,91.532,84.381,86.268,82.252
643,91.404,84.387,86.277,82.262
643.5,91.331,84.408,86.295,82.281
644,91.28,84.425,86.318,82.293
644.5,91.248,84.433,86.336,82.316
645,91.243,84.444,86.352,82.334
645.5,91.236,84.458,86.363,82.35
646,91.265,84.471,86.392,82.372
646.5,91.274,84.483,86.409,82.39
647,91.281,84.499,86.424,82.401
647.5,91.267,84.496,86.452,82.42
648,91.268,84.511,86.46,82.433
648.5,91.432,84.526,86.47,82.444
649,91.537,84.54,86.492,82.459
649.5,91.632,84.536,86.498,82.477
650,91.728,84.554,86.522,82.486
650.5,91.83,84.554,86.526,82.499
651,91.921,84.571,86.545,82.509
651.5,91.956,84.577,86.554,82.527
652,91.991,84.588,86.564,82.544
652.5,91.997,84.6,86.582,82.543
653,92.054,84.617,86.591,82.56
653.5,92.166,84.633,86.608,82.568
654,92.271,84.643,86.619,82.577
654.5,92.274,84.657,86.627,82.593
655,92.183,84.679,86.634,82.608
655.5,92.054,84.685,86.648,82.621
656,91.927,84.701,86.666,82.631
656.5,91.827,84.705,86.684,82.647
657,91.763,84.722,86.698,82.672
657.5,91.722,84.736,86.717,82.688
658,91.705,84.74,86.734,82.71
658.5,91.716,84.758,86.759,82.716
659,91.733,84.774,86.782,82.744
659.5,91.742,84.777,86.797,82.757
660,91.751,84.787,86.82,82.781
660.5,91.748,84.8,86.825,82.777
661,91.759,84.806,86.842,82.798
661.5,91.896,84.813,86.87,82.816
662,92.073,84.822,86.872,82.828
662.5,92.166,84.825,86.889,82.836
663,92.252,84.834,86.903,82.852
663.5,92.328,84.833,86.916,82.865
664,92.407,84.844,86.93,82.88
664.5,92.458,84.846,86.936,82.89
665,92.484,84.86,86.953,82.899
665.5,92.493,84.869,86.962,82.895
666,92.537,84.882,86.971,82.911
666.5,92.618,84.889,86.98,82.93
667,92.722,84.897,86.995,82.935
667.5,92.769,84.907,87.013,82.949
668,92.694,84.911,87.017,82.964
668.5,92.561,84.92,87.031,82.969
669,92.432,84.938,87.042,82.985
669.5,92.324,84.945,87.057,83.002
670,92.236,84.953,87.074,83.016
670.5,92.189,84.963,87.096,83.04
671,92.173,84.97,87.114,83.054
671.5,92.176,84.978,87.127,83.073
672,92.196,84.992,87.149,83.078
672.5,92.205,84.996,87.162,83.1
673,92.232,85.006,87.185,83.122
673.5,92.244,85.013,87.199,83.138
674,92.237,85.022,87.22,83.151
674.5,92.268,85.037,87.236,83.159
675,92.487,85.035,87.249,83.18
675.5,92.617,85.038,87.261,83.192
676,92.691,85.048,87.279,83.2
676.5,92.778,85.052,87.296,83.212
677,92.837,85.063,87.296,83.227
677.5,92.893,85.07,87.311,83.228
678,92.925,85.08,87.316,83.24
678.5,92.948,85.092,87.341,83.259
679,92.965,85.093,87.344,83.26
679.5,93.053,85.108,87.351,83.263
680,93.133,85.121,87.371,83.278
680.5,93.24,85.124,87.373,83.279
681,93.212,85.143,87.387,83.304
681.5,93.106,85.149,87.397,83.309
682,92.974,85.157,87.418,83.322
682.5,92.843,85.167,87.427,83.337
683,92.737,85.189,87.435,83.352
683.5,92.672,85.194,87.462,83.373
684,92.635,85.208,87.474,83.394
684.5,92.623,85.219,87.499,83.398
685,92.634,85.223,87.519,83.419
685.5,92.66,85.242,87.532,83.432
686,92.677,85.248,87.541,83.458
686.5,92.676,85.252,87.566,83.459
687,92.673,85.27,87.585,83.478
687.5,92.678,85.268,87.598,83.491
688,92.826,85.28,87.604,83.506
688.5,92.971,85.299,87.62,83.519
689,93.061,85.298,87.635,83.527
689.5,93.142,85.299,87.654,83.534
690,93.217,85.305,87.659,83.557
690.5,93.283,85.316,87.671,83.564
691,93.317,85.324,87.674,83.569
691.5,93.344,85.332,87.7,83.575
692,93.35,85.347,87.7,83.587
692.5,93.424,85.354,87.706,83.597
693,93.517,85.364,87.734,83.596
693.5,93.615,85.375,87.735,83.625
694,93.643,85.39,87.748,83.624
694.5,93.544,85.4,87.757,83.637
695,93.42,85.409,87.763,83.654
695.5,93.302,85.416,87.78,83.662
696,93.188,85.431,87.798,83.675
696.5,93.108,85.441,87.815,83.694
697,93.066,85.447,87.832,83.708
697.5,93.046,85.462,87.844,83.727
698,93.041,85.475,87.861,83.733
698.5,93.07,85.479,87.877,83.755
699,93.088,85.494,87.902,83.771
699.5,93.105,85.5,87.912,83.782
700,93.106,85.514,87.926,83.793
700.5,93.099,85.517,87.947,83.815
701,93.178,85.527,87.957,83.824
701.5,93.374,85.527,87.979,83.846
702,93.463,85.538,87.983,83.848
702.5,93.544,85.547,87.997,83.86
703,93.607,85.554,88.01,83.87
703.5,93.687,85.554,88.02,83.883
704,93.726,85.563,88.029,83.888
704.5,93.745,85.575,88.035,83.903
705,93.744,85.582,88.048,83.905
705.5,93.779,85.6,88.056,83.914
706,93.872,85.597,88.068,83.933
706.5,93.972,85.612,88.066,83.942
707,94.035,85.618,88.09,83.94
707.5,93.987,85.628,88.091,83.955
708,93.884,85.64,88.101,83.961
708.5,93.744,85.65,88.117,83.965
709,93.625,85.649,88.124,83.992
709.5,93.528,85.666,88.148,83.998
710,93.458,85.675,88.165,84.015
710.5,93.433,85.68,88.17,84.026
711,93.43,85.694,88.194,84.046
711.5,93.45,85.699,88.201,84.058
712,93.461,85.715,88.223,84.086
712.5,93.485,85.721,88.24,84.084
713,93.486,85.726,88.25,84.108
713.5,93.493,85.742,88.276,84.12
714,93.496,85.734,88.272,84.133
714.5,93.684,85.737,88.297,84.154
715,93.81,85.752,88.31,84.158
715.5,93.876,85.745,88.315,84.16
716,93.956,85.759,88.321,84.176
716.5,94.023,85.76,88.339,84.18
717,94.087,85.769,88.339,84.184
717.5,94.126,85.778,88.355,84.193
718,94.137,85.781,88.364,84.21
718.5,94.136,85.787,88.378,84.209
719,94.24,85.806,88.381,84.222
719.5,94.335,85.809,88.387,84.229
720,94.431,85.821,88.399,84.241
720.5,94.424,85.825,88.411,84.25
721,94.326,85.832,88.413,84.263
721.5,94.197,85.843,88.425,84.272
722,94.071,85.844,88.446,84.286
722.5,93.967,85.859,88.455,84.3
723,93.886,85.859,88.467,84.313
723.5,93.859,85.865,88.482,84.325
724,93.826,85.878,88.501,84.337
724.5,93.842,85.879,88.518,84.365
725,93.861,85.89,88.529,84.377
725.5,93.885,85.894,88.546,84.384
726,93.898,85.894,88.559,84.4
726.5,93.894,85.905,88.57,84.422
727,93.886,85.903,88.59,84.421
727.5,94.007,85.915,88.604,84.439
728,94.149,85.921,88.606,84.458
728.5,94.24,85.918,88.624,84.458
729,94.313,85.928,88.634,84.469
729.5,94.383,85.928,88.647,84.477
730,94.437,85.927,88.655,84.479
730.5,94.478,85.941,88.662,84.499
731,94.501,85.934,88.671,84.505
731.5,94.509,85.949,88.68,84.508
732,94.585,85.949,88.685,84.521
732.5,94.674,85.958,88.696,84.528
733,94.774,85.968,88.699,84.536
733.5,94.822,85.972,88.708,84.544
734,94.749,85.979,88.72,84.555
734.5,94.624,85.982,88.723,84.563
735,94.502,85.991,88.737,84.567
735.5,94.386,85.997,88.74,84.585
736,94.29,86.012,88.756,84.596
736.5,94.233,86.019,88.77,84.609
737,94.21,86.017,88.782,84.625
737.5,94.217,86.029,88.801,84.633
738,94.227,86.033,88.816,84.658
738.5,94.258,86.053,88.83,84.674
739,94.269,86.055,88.847,84.687
739.5,94.276,86.056,88.866,84.698
740,94.261,86.069,88.871,84.707
740.5,94.282,86.065,88.884,84.718
741,94.457,86.072,88.893,84.726
741.5,94.562,86.081,88.911,84.74
742,94.643,86.079,88.913,84.752
742.5,94.727,86.081,88.919,84.758
743,94.797,86.087,88.935,84.763
743.5,94.852,86.097,88.946,84.776
744,94.888,86.092,88.944,84.782
744.5,94.898,86.104,88.953,84.792
745,94.926,86.124,88.966,84.801
745.5,95.023,86.118,88.972,84.806
746,95.138,86.126,88.977,84.813
746.5,95.237,86.126,88.986,84.819
747,95.212,86.137,88.996,84.83
747.5,95.094,86.152,89.005,84.839
748,94.963,86.166,89.007,84.849
748.5,94.84,86.174,89.02,84.858
749,94.732,86.169,89.036,84.879
749.5,94.672,86.186,89.047,84.888
750,94.64,86.187,89.063,84.901
750.5,94.62,86.2,89.074,84.917
751,94.616,86.21,89.082,84.929
751.5,94.633,86.212,89.108,84.945
752,94.639,86.22,89.118,84.953
752.5,94.633,86.228,89.134,84.97
753,94.639,86.236,89.157,84.987
753.5,94.627,86.239,89.164,84.989
754,94.746,86.251,89.16,85.015
754.5,94.879,86.247,89.177,85.019
755,94.94,86.246,89.185,85.031
755.5,95.018,86.251,89.199,85.032
756,95.084,86.267,89.21,85.04
756.5,95.14,86.27,89.217,85.056
757,95.189,86.268,89.227,85.056
757.5,95.193,86.283,89.233,85.068
758,95.213,86.283,89.241,85.073
758.5,95.28,86.292,89.248,85.089
759,95.386,86.295,89.252,85.099
759.5,95.478,86.31,89.257,85.092
760,95.497,86.304,89.266,85.11
760.5,95.424,86.319,89.274,85.109
761,95.298,86.327,89.277,85.123
761.5,95.163,86.337,89.295,85.135
762,95.055,86.339,89.304,85.139
762.5,94.97,86.352,89.319,85.153
763,94.915,86.359,89.327,85.165
763.5,94.902,86.364,89.344,85.188
764,94.903,86.364,89.353,85.196
764.5,94.914,86.377,89.371,85.21
765,94.945,86.391,89.38,85.215
765.5,94.932,86.39,89.391,85.241
766,94.936,86.407,89.406,85.252
766.5,94.922,86.405,89.418,85.262
767,94.997,86.412,89.433,85.272
767.5,95.186,86.422,89.447,85.284
768,95.287,86.426,89.455,85.296
768.5,95.365,86.428,89.46,85.305
769,95.444,86.432,89.47,85.303
769.5,95.502,86.443,89.474,85.313
770,95.539,86.437,89.483,85.328
770.5,95.548,86.447,89.488,85.324
771,95.551,86.451,89.499,85.341
771.5,95.614,86.461,89.508,85.344
772,95.707,86.463,89.507,85.355
772.5,95.804,86.473,89.513,85.364
773,95.881,86.484,89.513,85.369
773.5,95.829,86.489,89.524,85.375
774,95.718,86.497,89.536,85.378
774.5,95.585,86.505,89.541,85.384
775,95.461,86.513,89.547,85.403
775.5,95.354,86.522,89.567,85.413
776,95.292,86.535,89.574,85.426
776.5,95.246,86.54,89.595,85.437
777,95.232,86.541,89.598,85.457
777.5,95.252,86.551,89.623,85.467
778,95.269,86.564,89.63,85.476
778.5,95.279,86.572,89.647,85.491
779,95.28,86.582,89.655,85.5
779.5,95.28,86.581,89.678,85.52
780,95.274,86.588,89.685,85.532
780.5,95.457,86.585,89.694,85.543
781,95.569,86.599,89.703,85.548
781.5,95.633,86.596,89.709,85.542
782,95.719,86.603,89.717,85.56
782.5,95.774,86.608,89.731,85.578
783,95.828,86.61,89.733,85.575
783.5,95.854,86.622,89.737,85.571
784,95.869,86.626,89.741,85.591
784.5,95.921,86.629,89.747,85.599
785,96.032,86.643,89.755,85.605
785.5,96.132,86.648,89.767,85.609
